ID,Title,URL,Content,Date,Type,PDF URL,Embedded,,,,,,,,Firebase Upload,Firebase Storage Upload,,Firebase Meta Data Upload,Firebase Storage Upload
40013,Partnering for Impact: Supporting Systemic Change to Deliver the SDGs in Africa,https://businessfightspoverty.org/partnering-for-impact-supporting-systemic-change-to-deliver-the-sdgs-in-africa,,2014-07-01 00:00:00,Reports,https://drive.google.com/file/d/12rt2z6W_Fc0tN_MXsUfSseqtb_31AnYC/view?usp=drive_link,✅,,Progress:,99%,,,,,uploaded,uploaded,Progress,98.63%,98.63%
40018,New Africa: Nigeria - From Growth to Opportunity,https://businessfightspoverty.org/new-africa-nigeria-from-growth-to-opportunity,,2014-07-01 00:00:00,Reports,https://drive.google.com/file/d/1VTghEbMx773usk96ZfIukKQtxc627xA7/view?usp=drive_link,✅,,,,,,,,uploaded,uploaded,,,
40019,A New Global Partnership with Business,https://businessfightspoverty.org/a-new-global-partnership-with-business,,2014-07-01 00:00:00,Reports,https://drive.google.com/file/d/1Tc-DBPRy5m8kRuZ7vNX6E208_6eVg_r0/view?usp=drive_link,✅,,,,,,,,uploaded,uploaded,,,
40024,New Africa: From Growth to Jobs,https://businessfightspoverty.org/new-africa-from-growth-to-jobs,,2014-07-01 00:00:00,Reports,https://drive.google.com/file/d/11ULVcPu2YvTuP6HQKMYwRgYocn2BfEhs/view?usp=drive_link,✅,,,,,,,,uploaded,uploaded,,,
40027,The New Africa: Emerging Opportunities for Business and Africa,https://businessfightspoverty.org/the-new-africa-emerging-opportunities-for-business-and-africa,,2014-07-01 00:00:00,Reports,https://drive.google.com/file/d/19Ag6UHCcsqc7uChjCDdik-TFpBgGzayA/view?usp=sharing,✅,,,,,,,,uploaded,uploaded,,,
40030,Business Partnerships for Development in Africa: Redrawing the Boundaries of Possibility,https://businessfightspoverty.org/business-partnerships-for-development-in-africa-redrawing-the-boundaries-of-possibility,,2014-07-01 00:00:00,Reports,https://drive.google.com/file/d/1nZYZQenhSdYEEQNsLuiK1S-82aYDIVaR/view?usp=sharing,✅,,,,,,,,uploaded,uploaded,,,
40033,MDGs at the Mid-Point: Accelerating Business-Led Growth and Collective Action,https://businessfightspoverty.org/mdgs-at-the-mid-point-accelerating-business-led-growth-and-collective-action,,2014-07-01 00:00:00,Reports,https://drive.google.com/file/d/1jZVoBZluuySAefxFtnsp62ogkZoiMNGr/view?usp=sharing,✅,,,,,,,,uploaded,uploaded,,,
40036,From Crisis to Opportunity: Harnessing the Power of Business to Sustain Momentum towards the MDGs,https://businessfightspoverty.org/from-crisis-to-opportunity-harnessing-the-power-of-business-to-sustain-momentum-towards-the-mdgs,,2014-07-01 00:00:00,Reports,https://drive.google.com/file/d/1N6BeWz5TBRnRV7c8Cc2Sm7F169Ge81US/view?usp=sharing,✅,,,,,,,,uploaded,uploaded,,,
40039,Sustaining and Scaling the Impact of Enterprise Development Programmes,https://businessfightspoverty.org/report/sustaining-and-scaling-the-impact-of-enterprise-development-programmes/,,2014-07-01 00:00:00,Reports,https://drive.google.com/file/d/1f03bYLnSC6PERIHQ1UQw0LcHp4ZKI1qe/view?usp=drive_link,✅,,,,,,,,uploaded,uploaded,,,
40043,The Coca-Cola Company’s 5by20 Initiative,https://businessfightspoverty.org/the-coca-cola-companys-5by20-initiative,,2014-07-01 00:00:00,Reports,https://drive.google.com/file/d/13aB3EXq3o9Cp7LfPWD0-z8aWKGYJ0z5E/view?usp=drive_link,✅,,,,,,,,uploaded,uploaded,,,
40044,Collaborating for Change in Sugar Production: Building Blocks for Sustainability at Scale,https://businessfightspoverty.org/collaborating-for-change-in-sugar-production-building-blocks-for-sustainability-at-scale,,2015-07-01 00:00:00,Reports,https://drive.google.com/file/d/1PbKVHNlBp4bglP6rBt61QjN5IB0mBL8Y/view?usp=drive_link,✅,,,,,,,,uploaded,uploaded,,,
40091,Empowering Small Businesses in Corporate Value Chains: The Case of SABMiller&#8217;s 4e Camino al Progreso Program,https://businessfightspoverty.org/empowering-small-businesses-in-corporate-value-chains-the-case-of-sabmillers-4e-camino-al-progreso-program,,2015-07-01 00:00:00,Reports,https://drive.google.com/file/d/1UU_ky6Pw-g-D-7M11jS3ftBnn02-jXVc/view?usp=drive_link,✅,,,,,,,,uploaded,uploaded,,,
400102,New Africa: Closing Africa&#8217;s Energy Gap,https://businessfightspoverty.org/new-africa-closing-africas-energy-gap,,2015-07-01 00:00:00,Reports,https://drive.google.com/file/d/1SOsQsJStJJprdnmwWzPrwt-mtGsAacJy/view?usp=drive_link,✅,,,,,,,,uploaded,uploaded,,,
400106,Creating business value and development impact in the WASH sector,https://businessfightspoverty.org/creating-business-value-and-development-impact-in-the-wash-sector,,2015-07-01 00:00:00,Reports,https://drive.google.com/file/d/1iMQpaZkXEz_0qGD40SoY_DkZ47a7Xabx/view?usp=drive_link,✅,,,,,,,,uploaded,uploaded,,,
400110,Business and the SDGs: Building Blocks for Success at Scale,https://businessfightspoverty.org/report/business-and-the-sdgs-building-blocks-for-success-at-scale/,,2015-07-01 00:00:00,Reports,https://drive.google.com/file/d/18cEucNZghVVLrqAKwEY8XtEhk4qG_GzT/view?usp=drive_link,✅,,,,,,,,uploaded,uploaded,,,
400118,Social Enterprises and Global Corporations Collaborating for Growth with Impact,https://businessfightspoverty.org/social-enterprises-and-global-corporations-collaborating-for-growth-with-impact,,2015-07-01 00:00:00,Reports,https://drive.google.com/file/d/1RFeV08T04UxVaJ_YEl3mKE_a2iU_fexT/view?usp=drive_link,✅,,,,,,,,uploaded,uploaded,,,
400129,Business and the United Nations: Working Together Towards the Sustainable Development Goals &#8211; A Framework for Action,https://businessfightspoverty.org/business-and-the-united-nations-working-together-towards-the-sustainable-development-goals-a-framework-for-action,,2015-07-01 00:00:00,Reports,https://drive.google.com/file/d/1eoq57JDIkmw58yo5PtRQn8czDcAKJnBC/view?usp=drive_link,✅,,,,,,,,uploaded,uploaded,,,
400134,Tackling Global Challenges: Lessons in System Leadership from the World Economic Forum’s New Vision for Agriculture Initiative,https://businessfightspoverty.org/tackling-global-challenges-lessons-in-system-leadership-from-the-world-economic-forums-new-vision-for-agriculture-initiative,,2016-07-01 00:00:00,Reports,https://drive.google.com/file/d/1WV66d37w1XV5w_8BYssDk_f_OtAmZrX-/view?usp=drive_link,✅,,,,,,,,uploaded,uploaded,,,
400163,Growing Together: Strengthening Micro-Enterprises in Value Chains,https://businessfightspoverty.org/growing-together-strengthening-micro-enterprises-in-value-chains,,2016-07-01 00:00:00,Reports,https://drive.google.com/file/d/1JS8UQ5giHiNcoMrD--pPUxIG4E2bWipR/view?usp=drive_link,✅,,,,,,,,uploaded,uploaded,,,
400188,How Do We Scale Distribution and Sales Networks That Create Opportunities in Low-Income Markets?,https://businessfightspoverty.org/how-do-we-scale-distribution-and-sales-networks-that-create-opportunities-in-low-income-markets,,2016-07-01 00:00:00,Reports,https://drive.google.com/file/d/1fSAK7HlzkOqyAhQg9m58BV2sZoIuv6SL/view?usp=drive_link,✅,,,,,,,,uploaded,uploaded,,,
400191,Harnessing the SDGs to Strengthen Smallholder Supply Chains: A Guide for Business,https://businessfightspoverty.org/harnessing-the-sdgs-to-strengthen-smallholder-supply-chains-a-guide-for-business,,2017-07-01 00:00:00,Reports,https://drive.google.com/file/d/1K22eMWYfZtNLoWZ5G4fmuyt8NIAG67GL/view?usp=drive_link,✅,,,,,,,,uploaded,uploaded,,,
400195,Embedding the SDGs into Business,https://businessfightspoverty.org/embedding-the-sdgs-into-business,,2017-07-01 00:00:00,Reports,https://drive.google.com/file/d/17Fuh9YqQWbrZ1gN-iFWbwGp3t8iYnqrt/view?usp=sharing,✅,,,,,,,,uploaded,uploaded,,,
400199,Bridging the Gap: Supporting Youth Employability,https://businessfightspoverty.org/report/bridging-the-gap-supporting-youth-employability/,,2017-07-01 00:00:00,Reports,https://drive.google.com/file/d/1bWZKun0RDvG1bxoZ2BayLSunHWQmqpr7/view?usp=drive_link,✅,,,,,,,,uploaded,uploaded,,,
400604,Investing for Impact: How Can We Collaborate to Unlock Investment to Deliver the Sustainable Development Goals in Challenging Places?,https://businessfightspoverty.org/investing-for-impact-how-can-we-collaborate-to-unlock-investment-to-deliver-the-sustainable-development-goals-in-challenging-places,,2017-07-01 00:00:00,Reports,https://drive.google.com/file/d/12GUneuK72VYWsH0K6z0VYyFqgrW1KJA8/view?usp=drive_link,✅,,,,,,,,uploaded,uploaded,,,
400606,Enabling Smallholder Farmers to Improve their Incomes,https://businessfightspoverty.org/report/enabling-smallholder-farmers-to-improve-their-incomes/,,2017-07-01 00:00:00,Reports,https://drive.google.com/file/d/13xMzziojqCo2GHEtF3L3_HgpnNHXPwGr/view?usp=drive_link,✅,,,,,,,,uploaded,uploaded,,,
401078,Low-Income Families and Private Education,https://businessfightspoverty.org/low-income-families-and-private-education,,2018-07-01 00:00:00,Reports,https://drive.google.com/file/d/1I_e_cMIzx9dVIk9VZrPvIq5-ocBNrb3d/view?usp=drive_link,✅,,,,,,,,uploaded,uploaded,,,
401545,Advocating Together for the SDGs,https://businessfightspoverty.org/advocating-together-for-the-sdgs,,2018-07-01 00:00:00,Reports,https://drive.google.com/file/d/15V2yOhECFhUVaTT4IVEMq-Z4QNDFVFLy/view?usp=drive_link,✅,,,,,,,,uploaded,uploaded,,,
401949,Resilience Through Refugee-Inclusive Business,https://businessfightspoverty.org/resilience-through-refugee-inclusive-business,,2018-07-01 00:00:00,Reports,https://drive.google.com/file/d/1tUOYOBjtx2nm_zZR3KEzGbpkGubcRLob/view?usp=drive_link,✅,,,,,,,,uploaded,uploaded,,,
401951,The Intrapreneurship Ecosystem,https://businessfightspoverty.org/the-intrapreneurship-ecosystem,,2018-07-01 00:00:00,Reports,https://drive.google.com/file/d/1qLyREynzzoUOqoRWQktc6KeqTqHgOviC/view?usp=drive_link,✅,,,,,,,,uploaded,uploaded,,,
401953,Building Transformational Partnerships,https://businessfightspoverty.org/building-transformational-partnerships,,2018-07-01 00:00:00,Reports,https://drive.google.com/file/d/10BonVbiQUKN1BMGqYZWotLs4ofYfmRj3/view?usp=drive_link,✅,,,,,,,,uploaded,uploaded,,,
401995,The Role of Business in Education and Training for Sustainable Development,https://businessfightspoverty.org/the-role-of-business-in-education-and-training-for-sustainable-development,,2018-07-01 00:00:00,Reports,https://drive.google.com/file/d/10FaHC7F8giZ9ewYiJ-H09NOJeJ-kwHLm/view?usp=drive_link,✅,,,,,,,,uploaded,uploaded,,,
402312,Doing Business with Integrity is Good for Business and Society,https://businessfightspoverty.org/doing-business-with-integrity-is-good-for-business-and-society,,2019-07-01 00:00:00,Reports,https://businessfightspoverty.org/wp-content/uploads/2024/10/Business-Integrity-Case-Studies.pdf,✅,,,,,,,,uploaded,uploaded,,,
403007,How Can Business Tackle Gender Based Violence in the World of Work: A Toolkit for Action,https://businessfightspoverty.org/how-can-business-tackle-gender-based-violence-in-the-world-of-work-a-toolkit-for-action,,2019-07-01 00:00:00,Reports,https://drive.google.com/file/d/1uejYlWYmzH10AxMLszKrbr_OlegwhjFD/view?usp=drive_link,✅,,,,,,,,uploaded,uploaded,,,
403220,Applying Technology to Help Eradicate Recruitment-Fee Debt Bondage in Global Supply Chains,https://businessfightspoverty.org/applying-technology-to-help-eradicate-recruitment-fee-debt-bondage-in-global-supply-chains,,2019-07-01 00:00:00,Reports,https://drive.google.com/file/d/1V7V4rYojpOLvj9SWpyktUHFB8jOL0WEP/view?usp=drive_link,✅,,,,,,,,uploaded,uploaded,,,
403402,Gender Equality is Everyone&#8217;s Business,https://businessfightspoverty.org/gender-equality-is-everyones-business,,2020-07-01 00:00:00,Reports,https://drive.google.com/file/d/1hBlyruUtEIPj350vSLLEMhMka43kx-St/view?usp=drive_link,✅,,,,,,,,uploaded,uploaded,,,
403562,Business Fights Poverty COVID-19 Response Framework,https://businessfightspoverty.org/business-fights-poverty-covid-19-response-framework,,2020-07-01 00:00:00,Reports,https://businessfightspoverty.org/wp-content/uploads/2022/12/BFP-Business-and-COVID-Framework.pdf,✅,,,,,,,,uploaded,uploaded,,,
403743,Business Fights Poverty Magazine,https://businessfightspoverty.org/business-fights-poverty-magazine,,2022-07-01 00:00:00,Reports,https://businessfightspoverty.org/wp-content/uploads/2022/12/Poverty-Tsunami-Magazine.pdf,✅,,,,,,,,uploaded,uploaded,,,
403887,FUTUREMAKERS FORUM DISCUSSION SERIES: DRIVING ENTERPRISE AND EMPLOYMENT WITH YOUNG PEOPLE,https://businessfightspoverty.org/futuremakers-forum-discussion-series-driving-enterprise-and-employment-with-young-people,,2020-07-01 00:00:00,Reports,https://drive.google.com/file/d/1Vet4mOIY4W4TXvse-jHOcNj8TtdWSyJP/view?usp=drive_link,✅,,,,,,,,uploaded,uploaded,,,
403891,Strengthening Markets through Collaboration,https://businessfightspoverty.org/strengthening-markets-through-collaboration,,2020-07-01 00:00:00,Reports,https://drive.google.com/file/d/1gdEpNV1utz79V7tewxHfWPNcCK8YfAHV/view?usp=drive_link,✅,,,,,,,,uploaded,uploaded,,,
403923,How Can Companies and Investors Collaborate to Embed Purpose Authentically into Business?,https://businessfightspoverty.org/report/how-can-companies-and-investors-collaborate-to-embed-purpose-authentically-into-business/,,2020-07-01 00:00:00,Reports,https://drive.google.com/file/d/1gDAd2odGAYVpebOymva_LRCed6Pgcjiw/view?usp=drive_link,✅,,,,,,,,uploaded,uploaded,,,
404250,Building Forward Better: Mining as Partner in Supporting More Inclusive and Resilient Societies,https://businessfightspoverty.org/building-forward-better-mining-as-partner-in-supporting-more-inclusive-and-resilient-societies,,2020-07-01 00:00:00,Reports,https://drive.google.com/file/d/11Gf-JtYARGQ6T_S1gpiJAeEpGkYZUG2G/view?usp=drive_link,✅,,,,,,,,uploaded,uploaded,,,
404253,Rebuild Better Framework,https://businessfightspoverty.org/rebuild-better-framework,,2020-07-01 00:00:00,Reports,https://businessfightspoverty.org/wp-content/uploads/2022/12/BFP-Respond-and-Rebuild-Better-Framework.pdf,✅,,,,,,,,uploaded,uploaded,,,
404256,Action Toolkit: Gender-Based Violence and COVID-19,https://businessfightspoverty.org/action-toolkit-gender-based-violence-and-covid-19,,2020-07-01 00:00:00,Reports,https://drive.google.com/file/d/1ZUkNlmvmjfPzun6wQ3MkJIxsDs0TFl-T/view?usp=drive_link,✅,,,,,,,,uploaded,uploaded,,,
404469,COVID-19 ACTION TOOLKIT: Vulnerable Workers in Corporate Value Chains,https://businessfightspoverty.org/covid-19-action-toolkit-vulnerable-workers-in-corporate-value-chains,,2020-07-01 00:00:00,Reports,https://drive.google.com/file/d/1HFRqybcS7lESc3xieumSIpR6SFsygRwG/view?usp=drive_link,✅,,,,,,,,uploaded,uploaded,,,
404473,"ACTION TOOLKIT: Supporting Micro, Small and Medium-Sized Enterprises",https://businessfightspoverty.org/action-toolkit-supporting-micro-small-and-medium-sized-enterprises,,2020-07-01 00:00:00,Reports,https://drive.google.com/file/d/1KNhQDS_9nvj3_aA-8gfCkaOvI5_CZs31/view?usp=drive_link,✅,,,,,,,,uploaded,uploaded,,,
404481,Action Toolkit: Handwashing and other preventative measures,https://businessfightspoverty.org/action-toolkit-handwashing-and-other-preventative-measures,,2020-07-01 00:00:00,Reports,https://drive.google.com/file/d/1qGDPKQixK_cRAtRfe6_CJD3GTHtGYVfX/view?usp=drive_link,✅,,,,,,,,uploaded,uploaded,,,
404549,Action ToolKit: Building Back Better With Jobs,https://businessfightspoverty.org/action-toolkit-building-back-better-with-jobs,,2020-07-01 00:00:00,Reports,https://drive.google.com/file/d/1COTKxQOj2wez1uXIGBgVSS2VuuTmG96J/view?usp=drive_link,✅,,,,,,,,uploaded,uploaded,,,
404571,Action Toolkit: A Guide to Effective Planning,https://businessfightspoverty.org/action-toolkit-a-guide-to-effective-planning,,2020-07-01 00:00:00,Reports,https://drive.google.com/file/d/1bhkNNE4uuXUYiptFFab-l9_iWVPXIP7B/view?usp=drive_link,✅,,,,,,,,uploaded,uploaded,,,
404748,Action Toolkit: Rapid Innovation Through Partnerships,https://businessfightspoverty.org/action-toolkit-rapid-innovation-through-partnerships,,2020-07-01 00:00:00,Reports,https://drive.google.com/file/d/1SWnG-2i1ei280re20alm1Ln5OW7ei5SB/view?usp=drive_link,✅,,,,,,,,uploaded,uploaded,,,
404755,Action Toolkit: Supporting NGO Partners,https://businessfightspoverty.org/action-toolkit-supporting-ngo-partners,,2020-07-01 00:00:00,Reports,https://drive.google.com/file/d/1vWTi9zcepcZP3icWveU5kgjxX-nUZaB9/view?usp=drive_link,✅,,,,,,,,uploaded,uploaded,,,
404761,Action Toolkit: Building and Mobilising Local Coalitions,https://businessfightspoverty.org/action-toolkit-building-and-mobilising-national-coalitions,,2020-07-01 00:00:00,Reports,https://drive.google.com/file/d/1fZg2SVWPY30Z0hLrmuH6UOTJWy_JpHU3/view?usp=drive_link,✅,,,,,,,,uploaded,uploaded,,,
404811,How Can Self-Care Help Health Systems Rebuild Better During COVID-19?,https://businessfightspoverty.org/report/how-can-self-care-help-health-systems-rebuild-better-during-covid-19/,,2021-07-01 00:00:00,Reports,https://drive.google.com/file/d/1mnGVOjvQUT_8s_hzYYkvM5kChUMilwEP/view?usp=drive_link,✅,,,,,,,,uploaded,uploaded,,,
405049,The National Business Compact on Coronavirus &#8211; One Year On: A Blueprint for Rapid Collaboration?,https://businessfightspoverty.org/the-national-business-compact-on-coronavirus-one-year-on-a-blueprint-for-rapid-collaboration,,2021-07-01 00:00:00,Reports,https://businessfightspoverty.org/wp-content/uploads/2022/12/BFP-NBCC-Rapid-Collaboration-Report.pdf,✅,,,,,,,,uploaded,uploaded,,,
405108,Business and Climate Justice Framework,https://businessfightspoverty.org/business-and-climate-justice-framework,,2021-07-01 00:00:00,Reports,https://businessfightspoverty.org/wp-content/uploads/2022/10/Business-Fights-Poverty-Business-and-Climate-Justice-Framework.pdf,✅,,,,,,,,uploaded,uploaded,,,
405442,Creating An Environment Where Social Impact Businesses Can Thrive,https://businessfightspoverty.org/social-enterprise-insights-paper,,2021-07-01 00:00:00,Reports,https://businessfightspoverty.org/wp-content/uploads/2022/12/BFP-Social-Entrepreneurs-Insights-Paper.pdf,✅,,,,,,,,uploaded,uploaded,,,
405604,Enhancing the Livelihoods of &#8216;Hidden Women&#8217; in Global Smallholder Value Chains,https://businessfightspoverty.org/report/enhancing-the-livelihoods-of-hidden-women-in-global-smallholder-value-chains/,,2021-07-01 00:00:00,Reports,https://drive.google.com/file/d/1mouu6ZuGhg1uAV0HB2nr7aT0OeGk_SFk/view?usp=drive_link,✅,,,,,,,,uploaded,uploaded,,,
405755,ACTION TOOLKIT: Women and the Net Zero Economy,https://businessfightspoverty.org/action-toolkit-women-and-the-net-zero-economy,,2021-07-01 00:00:00,Reports,https://drive.google.com/file/d/1zP1n6rraUqmMEraisNEMZd1yrtDY_ScE/view?usp=drive_link,✅,,,,,,,,uploaded,uploaded,,,
406517,The Case for Living Wages,https://businessfightspoverty.org/the-case-for-living-wages,,2022-07-01 00:00:00,Reports,https://drive.google.com/file/d/1xZeV1qjKZxa2XeXJ225hR6GYYEA3w6vq/view?usp=drive_link,✅,,,,,,,,uploaded,uploaded,,,
406614,Climate Justice Online Forum Discussions,https://businessfightspoverty.org/climate-justice-online-forum-discussions,,2022-07-01 00:00:00,Reports,https://businessfightspoverty.org/wp-content/uploads/2022/06/Climate-Justice-Insights-Report-v3.pdf,✅,,,,,,,,uploaded,uploaded,,,
406821,"Corporate Social Innovation: Prototyping, Piloting and Iterating",https://businessfightspoverty.org/report/corporate-social-innovation-prototyping-piloting-and-iterating/,,2018-07-01 00:00:00,Reports,https://drive.google.com/file/d/1VzGVSLE0uLqTlIUFAw77iAXaXuoa5zV0/view?usp=drive_link,✅,,,,,,,,uploaded,uploaded,,,
406899,Poverty Tsunami Briefing Paper,https://businessfightspoverty.org/poverty-tsunami-briefing-paper,,2022-07-01 00:00:00,Reports,https://businessfightspoverty.org/wp-content/uploads/2022/05/BFP_Facing-the-Poverty-Tsunami-Briefing.pdf,✅,,,,,,,,uploaded,uploaded,,,
407035,Business and Climate Justice,https://businessfightspoverty.org/business-and-climate-justice,,2022-07-01 00:00:00,Reports,https://businessfightspoverty.org/wp-content/uploads/2022/10/Business-Fights-Poverty-Business-and-Climate-Justice-Framework.pdf,✅,,,,,,,,uploaded,uploaded,,,
407239,Food Fortification Workshop Summary,https://businessfightspoverty.org/food-fortification-workshop-summary,,2022-07-01 00:00:00,Reports,https://businessfightspoverty.org/wp-content/uploads/2022/11/Food-fortification-workshop-summary.pdf,✅,,,,,,,,uploaded,uploaded,,,
407279,Farmer Segmentation Guide,https://businessfightspoverty.org/farmer-segmentation-guide,,2022-07-01 00:00:00,Reports,https://drive.google.com/file/d/1lXyud1zqVPWAghk-9-xMK4WoCCzyUp21/view?usp=drive_link,✅,,,,,,,,uploaded,uploaded,,,
408912,Business Fights Poverty NYC 2016: Summary Report,https://businessfightspoverty.org/business-fights-poverty-nyc-2016-summary-report,,2016-07-01 00:00:00,Reports,https://drive.google.com/file/d/1Zg7mpaygcunLpiPwelu48isPp2g72jjp/view?usp=drive_link,✅,,,,,,,,uploaded,uploaded,,,
408940,Futuremakers Research 2022,https://businessfightspoverty.org/futuremakers-research-2022,,2022-07-01 00:00:00,Reports,https://businessfightspoverty.org/wp-content/uploads/2025/04/futuremakers-2022-insights-lifting-youth-participation-through-financial-inclusion.pdf,✅,,,,,,,,uploaded,uploaded,,,
412343,Advancing Vaccination Equity in Europe,https://businessfightspoverty.org/advancing-vaccination-equity-europe-report,,2023-06-01 00:00:00,Reports,https://drive.google.com/file/d/1Mgt8rAWg6QB0Mry3HKuVWnvn0mHc6cUm/view?usp=drive_link,✅,,,,,,,,uploaded,uploaded,,,
418501,Generative AI and Social Impact &#8211; Role of Business,https://businessfightspoverty.org/generative-ai-and-social-impact-role-of-business,,2023-06-26 14:56:05,Reports,https://businessfightspoverty.org/wp-content/uploads/2023/06/Generative-AI-and-Social-Impact-Role-of-Business.pdf,✅,,,,,,,,uploaded,uploaded,,,
420124,How can businesses support care economy enterprises across the value chain?,https://businessfightspoverty.org/how-can-businesses-support-care-economy-enterprises-across-the-value-chain,,2023-09-15 09:36:10,Reports,https://businessfightspoverty.org/wp-content/uploads/2023/09/2308-Care-Economy-Report-FINAL.pdf,✅,,,,,,,,uploaded,uploaded,,,
422921,Safer Workplaces: How companies can support survivors of domestic violence and abuse,https://businessfightspoverty.org/safer-workplaces-how-companies-can-implement-domestic-violence-and-abuse-support,,2024-02-16 11:08:57,Reports,https://drive.google.com/file/d/1tqlWM-EBDneRAcTreVsxfLczSbu6KvYt/view?usp=drive_link,✅,,,,,,,,uploaded,uploaded,,,
423031,Delivering healthier futures for women children and young people,https://businessfightspoverty.org/healthier-futures-women-children-young-people,,2024-03-04 07:00:10,Reports,https://businessfightspoverty.org/wp-content/uploads/2024/04/2310-GFF-Discussion-Paper-F5-compressed-1.pdf,✅,,,,,,,,uploaded,uploaded,,,
430147,Building Future Fit Partnerships for Green and Inclusive Growth,https://businessfightspoverty.org/building-future-fit-partnerships-for-green-and-inclusive-growth,,2024-09-24 07:00:11,Reports,https://businessfightspoverty.org/wp-content/uploads/2024/09/Building-Business-Partnerships-That-Are-Fit-for-the-Future.pdf,✅,,,,,,,,uploaded,uploaded,,,
435471,Turning Potential into Prosperity,https://businessfightspoverty.org/refugee-entrepreneurship-europe-potential,,2025-06-25 16:29:57,Reports,,,,,,,,,,,,,,